<?xml version="1.0" encoding="UTF-8"?>
<project-private xmlns="http://www.netbeans.org/ns/project-private/1">
    <editor-bookmarks xmlns="http://www.netbeans.org/ns/editor-bookmarks/2" lastBookmarkId="0"/>
    <open-files xmlns="http://www.netbeans.org/ns/projectui-open-files/2">
        <group>
            <file>file:/root/NetBeansProjects/php13/index.php</file>
            <file>file:/root/NetBeansProjects/php13/viewRecords.php</file>
            <file>file:/root/NetBeansProjects/php13/process.php</file>
            <file>file:/root/NetBeansProjects/php13/conn.php</file>
        </group>
    </open-files>
</project-private>
