<?xml version="1.0"?>

<bison-xml-report version="2.7" bug-report="bug-bison@gnu.org" url="http://www.gnu.org/software/bison/">

  <filename>sentence.y</filename>

  <grammar>
    <rules>
      <rule number="0" usefulness="useful">
        <lhs>$accept</lhs>
        <rhs>
          <symbol>statements</symbol>
          <symbol>$end</symbol>
        </rhs>
      </rule>
      <rule number="1" usefulness="useful">
        <lhs>statements</lhs>
        <rhs>
          <symbol>statements</symbol>
          <symbol>sentence</symbol>
        </rhs>
      </rule>
      <rule number="2" usefulness="useful">
        <lhs>statements</lhs>
        <rhs>
          <symbol>sentence</symbol>
        </rhs>
      </rule>
      <rule number="3" usefulness="useful">
        <lhs>sentence</lhs>
        <rhs>
          <symbol>compound</symbol>
        </rhs>
      </rule>
      <rule number="4" usefulness="useful">
        <lhs>sentence</lhs>
        <rhs>
          <symbol>simple</symbol>
        </rhs>
      </rule>
      <rule number="5" usefulness="useful">
        <lhs>simple</lhs>
        <rhs>
          <symbol>subject</symbol>
          <symbol>VERB</symbol>
          <symbol>object</symbol>
        </rhs>
      </rule>
      <rule number="6" usefulness="useful">
        <lhs>compound</lhs>
        <rhs>
          <symbol>subject</symbol>
          <symbol>VERB</symbol>
          <symbol>object</symbol>
          <symbol>CONJUNCTION</symbol>
          <symbol>subject</symbol>
          <symbol>VERB</symbol>
          <symbol>object</symbol>
        </rhs>
      </rule>
      <rule number="7" usefulness="useful">
        <lhs>subject</lhs>
        <rhs>
          <symbol>NOUN</symbol>
        </rhs>
      </rule>
      <rule number="8" usefulness="useful">
        <lhs>subject</lhs>
        <rhs>
          <symbol>PRONOUN</symbol>
        </rhs>
      </rule>
      <rule number="9" usefulness="useful">
        <lhs>object</lhs>
        <rhs>
          <symbol>NOUN</symbol>
        </rhs>
      </rule>
      <rule number="10" usefulness="useful">
        <lhs>object</lhs>
        <rhs>
          <symbol>ADJECTIVE</symbol>
          <symbol>NOUN</symbol>
        </rhs>
      </rule>
      <rule number="11" usefulness="useful">
        <lhs>object</lhs>
        <rhs>
          <symbol>ADVERB</symbol>
          <symbol>NOUN</symbol>
        </rhs>
      </rule>
      <rule number="12" usefulness="useful">
        <lhs>object</lhs>
        <rhs>
          <symbol>PREPOSITION</symbol>
          <symbol>NOUN</symbol>
        </rhs>
      </rule>
    </rules>
    <terminals>
      <terminal symbol-number="0" token-number="0" name="$end" usefulness="useful"/>
      <terminal symbol-number="1" token-number="256" name="error" usefulness="useful"/>
      <terminal symbol-number="3" token-number="258" name="NOUN" usefulness="useful"/>
      <terminal symbol-number="4" token-number="259" name="PRONOUN" usefulness="useful"/>
      <terminal symbol-number="5" token-number="260" name="ADJECTIVE" usefulness="useful"/>
      <terminal symbol-number="6" token-number="261" name="VERB" usefulness="useful"/>
      <terminal symbol-number="7" token-number="262" name="ADVERB" usefulness="useful"/>
      <terminal symbol-number="8" token-number="263" name="CONJUNCTION" usefulness="useful"/>
      <terminal symbol-number="9" token-number="264" name="PREPOSITION" usefulness="useful"/>
    </terminals>
    <nonterminals>
      <nonterminal symbol-number="10" name="$accept" usefulness="useful"/>
      <nonterminal symbol-number="11" name="statements" usefulness="useful"/>
      <nonterminal symbol-number="12" name="sentence" usefulness="useful"/>
      <nonterminal symbol-number="13" name="simple" usefulness="useful"/>
      <nonterminal symbol-number="14" name="compound" usefulness="useful"/>
      <nonterminal symbol-number="15" name="subject" usefulness="useful"/>
      <nonterminal symbol-number="16" name="object" usefulness="useful"/>
    </nonterminals>
  </grammar>

  <automaton>

    <state number="0">
      <itemset>
        <item rule-number="0" point="0"/>
        <item rule-number="1" point="0"/>
        <item rule-number="2" point="0"/>
        <item rule-number="3" point="0"/>
        <item rule-number="4" point="0"/>
        <item rule-number="5" point="0"/>
        <item rule-number="6" point="0"/>
        <item rule-number="7" point="0"/>
        <item rule-number="8" point="0"/>
      </itemset>
      <actions>
        <transitions>
          <transition type="shift" symbol="NOUN" state="1"/>
          <transition type="shift" symbol="PRONOUN" state="2"/>
          <transition type="goto" symbol="statements" state="3"/>
          <transition type="goto" symbol="sentence" state="4"/>
          <transition type="goto" symbol="simple" state="5"/>
          <transition type="goto" symbol="compound" state="6"/>
          <transition type="goto" symbol="subject" state="7"/>
        </transitions>
        <errors/>
        <reductions/>
      </actions>
      <solved-conflicts/>
    </state>

    <state number="1">
      <itemset>
        <item rule-number="7" point="1"/>
      </itemset>
      <actions>
        <transitions/>
        <errors/>
        <reductions>
          <reduction symbol="$default" rule="7" enabled="true"/>
        </reductions>
      </actions>
      <solved-conflicts/>
    </state>

    <state number="2">
      <itemset>
        <item rule-number="8" point="1"/>
      </itemset>
      <actions>
        <transitions/>
        <errors/>
        <reductions>
          <reduction symbol="$default" rule="8" enabled="true"/>
        </reductions>
      </actions>
      <solved-conflicts/>
    </state>

    <state number="3">
      <itemset>
        <item rule-number="0" point="1"/>
        <item rule-number="1" point="1"/>
        <item rule-number="3" point="0"/>
        <item rule-number="4" point="0"/>
        <item rule-number="5" point="0"/>
        <item rule-number="6" point="0"/>
        <item rule-number="7" point="0"/>
        <item rule-number="8" point="0"/>
      </itemset>
      <actions>
        <transitions>
          <transition type="shift" symbol="$end" state="8"/>
          <transition type="shift" symbol="NOUN" state="1"/>
          <transition type="shift" symbol="PRONOUN" state="2"/>
          <transition type="goto" symbol="sentence" state="9"/>
          <transition type="goto" symbol="simple" state="5"/>
          <transition type="goto" symbol="compound" state="6"/>
          <transition type="goto" symbol="subject" state="7"/>
        </transitions>
        <errors/>
        <reductions/>
      </actions>
      <solved-conflicts/>
    </state>

    <state number="4">
      <itemset>
        <item rule-number="2" point="1"/>
      </itemset>
      <actions>
        <transitions/>
        <errors/>
        <reductions>
          <reduction symbol="$default" rule="2" enabled="true"/>
        </reductions>
      </actions>
      <solved-conflicts/>
    </state>

    <state number="5">
      <itemset>
        <item rule-number="4" point="1"/>
      </itemset>
      <actions>
        <transitions/>
        <errors/>
        <reductions>
          <reduction symbol="$default" rule="4" enabled="true"/>
        </reductions>
      </actions>
      <solved-conflicts/>
    </state>

    <state number="6">
      <itemset>
        <item rule-number="3" point="1"/>
      </itemset>
      <actions>
        <transitions/>
        <errors/>
        <reductions>
          <reduction symbol="$default" rule="3" enabled="true"/>
        </reductions>
      </actions>
      <solved-conflicts/>
    </state>

    <state number="7">
      <itemset>
        <item rule-number="5" point="1"/>
        <item rule-number="6" point="1"/>
      </itemset>
      <actions>
        <transitions>
          <transition type="shift" symbol="VERB" state="10"/>
        </transitions>
        <errors/>
        <reductions/>
      </actions>
      <solved-conflicts/>
    </state>

    <state number="8">
      <itemset>
        <item rule-number="0" point="2"/>
      </itemset>
      <actions>
        <transitions/>
        <errors/>
        <reductions>
          <reduction symbol="$default" rule="accept" enabled="true"/>
        </reductions>
      </actions>
      <solved-conflicts/>
    </state>

    <state number="9">
      <itemset>
        <item rule-number="1" point="2"/>
      </itemset>
      <actions>
        <transitions/>
        <errors/>
        <reductions>
          <reduction symbol="$default" rule="1" enabled="true"/>
        </reductions>
      </actions>
      <solved-conflicts/>
    </state>

    <state number="10">
      <itemset>
        <item rule-number="5" point="2"/>
        <item rule-number="6" point="2"/>
        <item rule-number="9" point="0"/>
        <item rule-number="10" point="0"/>
        <item rule-number="11" point="0"/>
        <item rule-number="12" point="0"/>
      </itemset>
      <actions>
        <transitions>
          <transition type="shift" symbol="NOUN" state="11"/>
          <transition type="shift" symbol="ADJECTIVE" state="12"/>
          <transition type="shift" symbol="ADVERB" state="13"/>
          <transition type="shift" symbol="PREPOSITION" state="14"/>
          <transition type="goto" symbol="object" state="15"/>
        </transitions>
        <errors/>
        <reductions/>
      </actions>
      <solved-conflicts/>
    </state>

    <state number="11">
      <itemset>
        <item rule-number="9" point="1"/>
      </itemset>
      <actions>
        <transitions/>
        <errors/>
        <reductions>
          <reduction symbol="$default" rule="9" enabled="true"/>
        </reductions>
      </actions>
      <solved-conflicts/>
    </state>

    <state number="12">
      <itemset>
        <item rule-number="10" point="1"/>
      </itemset>
      <actions>
        <transitions>
          <transition type="shift" symbol="NOUN" state="16"/>
        </transitions>
        <errors/>
        <reductions/>
      </actions>
      <solved-conflicts/>
    </state>

    <state number="13">
      <itemset>
        <item rule-number="11" point="1"/>
      </itemset>
      <actions>
        <transitions>
          <transition type="shift" symbol="NOUN" state="17"/>
        </transitions>
        <errors/>
        <reductions/>
      </actions>
      <solved-conflicts/>
    </state>

    <state number="14">
      <itemset>
        <item rule-number="12" point="1"/>
      </itemset>
      <actions>
        <transitions>
          <transition type="shift" symbol="NOUN" state="18"/>
        </transitions>
        <errors/>
        <reductions/>
      </actions>
      <solved-conflicts/>
    </state>

    <state number="15">
      <itemset>
        <item rule-number="5" point="3">
          <lookaheads>
            <symbol>$end</symbol>
            <symbol>NOUN</symbol>
            <symbol>PRONOUN</symbol>
          </lookaheads>
        </item>
        <item rule-number="6" point="3"/>
      </itemset>
      <actions>
        <transitions>
          <transition type="shift" symbol="CONJUNCTION" state="19"/>
        </transitions>
        <errors/>
        <reductions>
          <reduction symbol="$default" rule="5" enabled="true"/>
        </reductions>
      </actions>
      <solved-conflicts/>
    </state>

    <state number="16">
      <itemset>
        <item rule-number="10" point="2"/>
      </itemset>
      <actions>
        <transitions/>
        <errors/>
        <reductions>
          <reduction symbol="$default" rule="10" enabled="true"/>
        </reductions>
      </actions>
      <solved-conflicts/>
    </state>

    <state number="17">
      <itemset>
        <item rule-number="11" point="2"/>
      </itemset>
      <actions>
        <transitions/>
        <errors/>
        <reductions>
          <reduction symbol="$default" rule="11" enabled="true"/>
        </reductions>
      </actions>
      <solved-conflicts/>
    </state>

    <state number="18">
      <itemset>
        <item rule-number="12" point="2"/>
      </itemset>
      <actions>
        <transitions/>
        <errors/>
        <reductions>
          <reduction symbol="$default" rule="12" enabled="true"/>
        </reductions>
      </actions>
      <solved-conflicts/>
    </state>

    <state number="19">
      <itemset>
        <item rule-number="6" point="4"/>
        <item rule-number="7" point="0"/>
        <item rule-number="8" point="0"/>
      </itemset>
      <actions>
        <transitions>
          <transition type="shift" symbol="NOUN" state="1"/>
          <transition type="shift" symbol="PRONOUN" state="2"/>
          <transition type="goto" symbol="subject" state="20"/>
        </transitions>
        <errors/>
        <reductions/>
      </actions>
      <solved-conflicts/>
    </state>

    <state number="20">
      <itemset>
        <item rule-number="6" point="5"/>
      </itemset>
      <actions>
        <transitions>
          <transition type="shift" symbol="VERB" state="21"/>
        </transitions>
        <errors/>
        <reductions/>
      </actions>
      <solved-conflicts/>
    </state>

    <state number="21">
      <itemset>
        <item rule-number="6" point="6"/>
        <item rule-number="9" point="0"/>
        <item rule-number="10" point="0"/>
        <item rule-number="11" point="0"/>
        <item rule-number="12" point="0"/>
      </itemset>
      <actions>
        <transitions>
          <transition type="shift" symbol="NOUN" state="11"/>
          <transition type="shift" symbol="ADJECTIVE" state="12"/>
          <transition type="shift" symbol="ADVERB" state="13"/>
          <transition type="shift" symbol="PREPOSITION" state="14"/>
          <transition type="goto" symbol="object" state="22"/>
        </transitions>
        <errors/>
        <reductions/>
      </actions>
      <solved-conflicts/>
    </state>

    <state number="22">
      <itemset>
        <item rule-number="6" point="7"/>
      </itemset>
      <actions>
        <transitions/>
        <errors/>
        <reductions>
          <reduction symbol="$default" rule="6" enabled="true"/>
        </reductions>
      </actions>
      <solved-conflicts/>
    </state>
  </automaton>
</bison-xml-report>
